global_index,episode_index,frame_index,state_lw0,action_lw0,state_lw1,action_lw1,state_lw2,action_lw2,raw_60k_lw0,raw_60k_lw1,raw_60k_lw2,repaired_80k_lw0,repaired_80k_lw1,repaired_80k_lw2,action_fixed_60k_lw0,action_fixed_60k_lw1,action_fixed_60k_lw2
33567,61,584,-0.2423444390296936,-0.22521980106830597,0.36078739166259766,0.3264000117778778,0.6546335220336914,0.6992846727371216,-0.23567891120910645,0.33105355501174927,0.638011634349823,-0.25419530272483826,0.33694595098495483,0.7572135329246521,-0.28467291593551636,0.35477524995803833,0.6692087054252625
33568,61,585,-0.23697438836097717,-0.21397310495376587,0.36040401458740234,0.3180832862854004,0.6634559631347656,0.6942601799964905,-0.2332373410463333,0.32948583364486694,0.6479745507240295,-0.2501385807991028,0.33599114418029785,0.7569311261177063,-0.2787172198295593,0.34710466861724854,0.6661914587020874
33569,61,586,-0.23582333326339722,-0.21397310495376587,0.3600196838378906,0.3180832862854004,0.6665259003639221,0.6942601799964905,-0.2340313047170639,0.3191151022911072,0.6588165760040283,-0.24140968918800354,0.33097225427627563,0.7448926568031311,-0.28339529037475586,0.363211452960968,0.6695625185966492
33570,61,587,-0.22815099358558655,-0.21397310495376587,0.3592529296875,0.3180832862854004,0.6730470061302185,0.6942601799964905,-0.22875019907951355,0.3127021789550781,0.6697007417678833,-0.23428288102149963,0.3270488381385803,0.7485184669494629,-0.2730979323387146,0.35185474157333374,0.6684255003929138
33571,61,588,-0.2220132052898407,-0.2038300335407257,0.35848522186279297,0.3111492395401001,0.6764994263648987,0.687782347202301,-0.23008978366851807,0.30070263147354126,0.6531846523284912,-0.2319786250591278,0.33486759662628174,0.7628259062767029,-0.2647990584373474,0.35212835669517517,0.6648075580596924
33572,61,589,-0.21971185505390167,-0.2038300335407257,0.35771846771240234,0.3111492395401001,0.6764994263648987,0.687782347202301,-0.22850650548934937,0.2992805242538452,0.6526382565498352,-0.23029832541942596,0.33477920293807983,0.7622211575508118,-0.2634623348712921,0.35095730423927307,0.6648176908493042
33573,61,590,-0.21971185505390167,-0.2038300335407257,0.35771846771240234,0.3111492395401001,0.6764994263648987,0.687782347202301,-0.2260998785495758,0.2986464500427246,0.6459710001945496,-0.2267918437719345,0.33391934633255005,0.7593074440956116,-0.2607989013195038,0.3510642349720001,0.655886173248291
33574,61,591,-0.21971185505390167,-0.2038300335407257,0.35771846771240234,0.3111492395401001,0.6764994263648987,0.687782347202301,-0.22611527144908905,0.29855769872665405,0.6458162069320679,-0.22687578201293945,0.333890438079834,0.7595070600509644,-0.26076024770736694,0.3510305881500244,0.6558070182800293
33575,61,592,-0.21971185505390167,-0.2038300335407257,0.35771846771240234,0.3111492395401001,0.6764994263648987,0.687782347202301,-0.21951857209205627,0.29372236132621765,0.639432430267334,-0.226807102560997,0.3350013494491577,0.7460368275642395,-0.2619980573654175,0.3522970676422119,0.6562837958335876
33576,61,593,-0.20858731865882874,-0.1904328167438507,0.3558006286621094,0.30130377411842346,0.6768836379051208,0.6759107708930969,-0.19540521502494812,0.28339147567749023,0.619547426700592,-0.21107682585716248,0.3235355019569397,0.7416764497756958,-0.24309447407722473,0.3415539264678955,0.6317570805549622
33577,61,594,-0.20858731865882874,-0.1904328167438507,0.3558006286621094,0.30130377411842346,0.6768836379051208,0.6759107708930969,-0.1962427943944931,0.28344759345054626,0.631697416305542,-0.20729634165763855,0.32399749755859375,0.7496581077575684,-0.23292863368988037,0.32458364963531494,0.6273074746131897
33578,61,595,-0.20858731865882874,-0.1904328167438507,0.3558006286621094,0.30130377411842346,0.6768836379051208,0.6759107708930969,-0.1969384402036667,0.2832605838775635,0.632685124874115,-0.20575863122940063,0.32229793071746826,0.7408636808395386,-0.23226606845855713,0.32284921407699585,0.6221229434013367
33579,61,596,-0.20743626356124878,-0.17539207637310028,0.3558006286621094,0.28704530000686646,0.6768836379051208,0.6542816162109375,-0.1790800243616104,0.267325758934021,0.5952742099761963,-0.19297505915164948,0.31510478258132935,0.7145140767097473,-0.22027379274368286,0.3266904354095459,0.5981796383857727
33580,61,597,-0.20743626356124878,-0.17539207637310028,0.3558006286621094,0.28704530000686646,0.6768836379051208,0.6542816162109375,-0.18189875781536102,0.26892754435539246,0.5990102887153625,-0.19565990567207336,0.31411394476890564,0.7111412286758423,-0.22341865301132202,0.3298454284667969,0.6029390096664429
33581,61,598,-0.20743626356124878,-0.17539207637310028,0.3558006286621094,0.28704530000686646,0.6768836379051208,0.6542816162109375,-0.19565941393375397,0.27734923362731934,0.591796875,-0.19187664985656738,0.3094981908798218,0.6831648945808411,-0.23473316431045532,0.33626049757003784,0.603515625
33582,61,599,-0.20743626356124878,-0.17539207637310028,0.3558006286621094,0.28704530000686646,0.6768836379051208,0.6542816162109375,-0.19576279819011688,0.277403324842453,0.5917432308197021,-0.19199080765247345,0.3088895082473755,0.682528018951416,-0.23456504940986633,0.33550429344177246,0.6008504629135132
33583,61,600,-0.20743626356124878,-0.17539207637310028,0.3558006286621094,0.28704530000686646,0.6768836379051208,0.6542816162109375,-0.20599621534347534,0.2792252004146576,0.6211937069892883,-0.20598658919334412,0.3092282712459564,0.6955872178077698,-0.22932115197181702,0.3238104581832886,0.601081907749176
33584,61,601,-0.17367801070213318,-0.1569349318742752,0.3239603042602539,0.2653745114803314,0.6638402938842773,0.6112025380134583,-0.17018797993659973,0.2348930835723877,0.589651882648468,-0.1712862104177475,0.28120696544647217,0.6622262001037598,-0.19329674541950226,0.27977117896080017,0.5638453364372253
33585,61,602,-0.17291121184825897,-0.1218375638127327,0.32242584228515625,0.21383248269557953,0.6584691405296326,0.5296756029129028,-0.15448814630508423,0.227190762758255,0.5607852339744568,-0.14372946321964264,0.2704162299633026,0.6239363551139832,-0.17533543705940247,0.2667771279811859,0.5509779453277588
33586,61,603,-0.17252790927886963,-0.1218375638127327,0.32204246520996094,0.21383248269557953,0.658085823059082,0.5296756029129028,-0.1472558230161667,0.2233155518770218,0.553149402141571,-0.14457258582115173,0.26779621839523315,0.6085194945335388,-0.17654025554656982,0.2600048780441284,0.5608619451522827
33587,61,604,-0.17252790927886963,-0.1218375638127327,0.32204246520996094,0.21383248269557953,0.658085823059082,0.5296756029129028,-0.15356256067752838,0.20683592557907104,0.5370878577232361,-0.13955025374889374,0.25673481822013855,0.5802704095840454,-0.1614278107881546,0.22764404118061066,0.5193144083023071
33588,61,605,-0.17252790927886963,-0.1218375638127327,0.32204246520996094,0.21383248269557953,0.658085823059082,0.5296756029129028,-0.15571103990077972,0.20322924852371216,0.5247979760169983,-0.14194698631763458,0.2515300512313843,0.5742001533508301,-0.16452035307884216,0.23062318563461304,0.5133634805679321
33589,61,606,-0.17252790927886963,-0.1218375638127327,0.32204246520996094,0.21383248269557953,0.658085823059082,0.5296756029129028,-0.14295034110546112,0.1985340565443039,0.501991868019104,-0.13695845007896423,0.25590944290161133,0.5740787982940674,-0.17127427458763123,0.23419514298439026,0.52813720703125
33590,61,607,-0.1614033579826355,-0.11701583117246628,0.3178224563598633,0.20880354940891266,0.6231774687767029,0.5246466994285583,-0.13512352108955383,0.18755178153514862,0.4996221363544464,-0.13178664445877075,0.2445666342973709,0.5370615720748901,-0.16081282496452332,0.21815934777259827,0.49876630306243896
33591,61,608,-0.14720973372459412,-0.09875782579183578,0.3078489303588867,0.14430704712867737,0.6043806076049805,0.4049886465072632,-0.11384223401546478,0.14661401510238647,0.4610813558101654,-0.09630438685417175,0.19688186049461365,0.4634438157081604,-0.14667028188705444,0.18703719973564148,0.4828861355781555
33592,61,609,-0.14605867862701416,-0.09875782579183578,0.3066978454589844,0.14430704712867737,0.6028461456298828,0.4049886465072632,-0.11396590620279312,0.14846007525920868,0.4617430865764618,-0.09277182817459106,0.20129983127117157,0.4718995690345764,-0.14514853060245514,0.19114920496940613,0.48375093936920166
33593,61,610,-0.1333986520767212,-0.09875782579183578,0.2829132080078125,0.14430704712867737,0.5813636779785156,0.4049886465072632,-0.1052870824933052,0.1243804395198822,0.4464912712574005,-0.08707496523857117,0.1930614858865738,0.4495580494403839,-0.13216336071491241,0.16333676874637604,0.4573882520198822
33594,61,611,-0.12380846589803696,-0.09825592488050461,0.2687196731567383,0.1438051462173462,0.5633344054222107,0.404486745595932,-0.09411785006523132,0.10608293116092682,0.426150918006897,-0.07996796071529388,0.17128480970859528,0.41895806789398193,-0.1118200346827507,0.14298288524150848,0.4107172191143036
33595,61,612,-0.12342516332864761,-0.09825592488050461,0.26833629608154297,0.1438051462173462,0.5625667572021484,0.404486745595932,-0.10318348556756973,0.09636327624320984,0.4071439802646637,-0.07813790440559387,0.16521340608596802,0.40061795711517334,-0.11326037347316742,0.12790271639823914,0.37715479731559753
33596,61,613,-0.1053958311676979,-0.07746262848377228,0.22191905975341797,0.08160005509853363,0.4904480576515198,0.28661155700683594,-0.09275512397289276,0.0488060787320137,0.3608502745628357,-0.05211690068244934,0.11170855164527893,0.29713165760040283,-0.0966208279132843,0.08444926142692566,0.34251075983047485
33597,61,614,-0.10309373587369919,-0.008315390907227993,0.21002769470214844,-0.05616172403097153,0.4716501533985138,0.07002205401659012,-0.08649607002735138,0.04149632900953293,0.34600111842155457,-0.04402323067188263,0.09705953299999237,0.27957358956336975,-0.08075663447380066,0.055911146104335785,0.33457332849502563
33598,61,615,-0.10309373587369919,-0.008315390907227993,0.21002769470214844,-0.05616172403097153,0.4716501533985138,0.07002205401659012,-0.08651585876941681,0.041600532829761505,0.34588077664375305,-0.0439823642373085,0.09724301099777222,0.2794954776763916,-0.08062256872653961,0.05570311099290848,0.334351122379303
33599,61,616,-0.10309373587369919,-0.008315390907227993,0.21002769470214844,-0.05616172403097153,0.4716501533985138,0.07002205401659012,-0.09037576615810394,0.036573342978954315,0.3564285337924957,-0.03473128378391266,0.11294691264629364,0.30512839555740356,-0.08813793957233429,0.06605014950037003,0.34558868408203125
33600,61,617,-0.05092209577560425,0.006116703152656555,0.10031414777040482,-0.0725632756948471,0.3239603042602539,0.03982538729906082,-0.08075188100337982,0.011122792959213257,0.27562016248703003,-0.006800442934036255,0.05472274124622345,0.11901622265577316,-0.08324071019887924,0.029935777187347412,0.26973360776901245
33601,61,618,-0.022919269278645515,0.013578605838119984,0.02205752767622471,-0.08198127895593643,0.18547630310058594,0.02191837504506111,-0.04555667191743851,-0.03781779110431671,0.23975586891174316,0.02325861155986786,-0.0440233051776886,0.011932551860809326,-0.0600711852312088,0.0017301589250564575,0.21020716428756714
33602,61,619,-0.0194670632481575,0.016901159659028053,0.01707077957689762,-0.0849454328417778,0.1674470603466034,0.017915619537234306,-0.04804003983736038,-0.03492163121700287,0.22984883189201355,0.021139085292816162,-0.0491105318069458,-0.0026083290576934814,-0.06294022500514984,-0.004080876708030701,0.19397741556167603
33603,61,620,0.003934290260076523,0.02233721688389778,-0.010548599064350128,-0.08859799057245255,0.10760308057069778,0.006695542484521866,-0.05420511215925217,-0.020704209804534912,0.22008198499679565,0.03374075889587402,-0.04786640405654907,-0.040500760078430176,-0.06783835589885712,0.012259498238563538,0.1933709681034088
33604,61,621,0.00892103835940361,0.03875942900776863,-0.02013874240219593,-0.08763433247804642,0.08535389602184296,0.005270718596875668,-0.03325331211090088,-0.07801981270313263,0.2220953404903412,0.030953779816627502,-0.07271863520145416,-0.006815515458583832,-0.07676416635513306,-0.030894815921783447,0.22882741689682007
33605,61,622,0.01467552687972784,0.05041569843888283,-0.02551081031560898,-0.08534549176692963,0.07039262354373932,0.0063171410001814365,-0.027790114283561707,-0.10086971521377563,0.21420389413833618,0.047896623611450195,-0.08871084451675415,-0.007032580673694611,-0.050393328070640564,-0.06406909227371216,0.204034686088562
33606,61,623,0.01467552687972784,0.05041569843888283,-0.02551081031560898,-0.08534549176692963,0.07039262354373932,0.0063171410001814365,-0.025572940707206726,-0.10228464007377625,0.21547985076904297,0.05377660691738129,-0.08802658319473267,0.009559579193592072,-0.04648013412952423,-0.0652066022157669,0.2190532386302948
33607,61,624,0.02349797636270523,0.05044318363070488,-0.03203200921416283,-0.08531800657510757,0.05466463789343834,0.00628965487703681,-0.0245274156332016,-0.10546451807022095,0.20364847779273987,0.0677952915430069,-0.10061469674110413,0.00858142226934433,-0.05818507820367813,-0.05141860246658325,0.21290549635887146
33608,61,625,0.03769151121377945,0.05786746367812157,-0.03510095179080963,-0.0839591845870018,0.04315659776329994,0.0039818985387682915,-0.02160780131816864,-0.10559436678886414,0.19250652194023132,0.0711517482995987,-0.10192808508872986,0.013993494212627411,-0.053288184106349945,-0.04922671616077423,0.2065199911594391
33609,61,626,0.03845822066068649,0.05786746367812157,-0.03548430651426315,-0.0839591845870018,0.04162215068936348,0.0039818985387682915,-0.018147066235542297,-0.12118169665336609,0.16276541352272034,0.06549225747585297,-0.10463905334472656,-0.014125533401966095,-0.06058298796415329,-0.06078489124774933,0.17343902587890625
33610,61,627,0.03654037043452263,0.05786746367812157,-0.03433321416378021,-0.0839591845870018,0.0446910485625267,0.0039818985387682915,-0.018685825169086456,-0.11793404817581177,0.163845956325531,0.06520818173885345,-0.10497379302978516,-0.012277178466320038,-0.06220736354589462,-0.05929630994796753,0.17435872554779053
33611,61,628,0.0442127101123333,0.05786746367812157,-0.037018757313489914,-0.0839591845870018,0.026660874485969543,0.0039818985387682915,-0.01653648167848587,-0.11681485176086426,0.16695106029510498,0.05791068077087402,-0.09677201509475708,-0.00634419173002243,-0.05639273673295975,-0.05730423331260681,0.18046879768371582
33612,61,629,0.054187141358852386,0.05786746367812157,-0.037018757313489914,-0.0839591845870018,0.010165244340896606,0.0039818985387682915,-0.014448806643486023,-0.1171036958694458,0.15688839554786682,0.0625588595867157,-0.09535637497901917,-0.006434477865695953,-0.05351375788450241,-0.058369725942611694,0.1695767045021057
33613,61,630,0.05763944238424301,0.057882484048604965,-0.037018757313489914,-0.0839441642165184,0.010165244340896606,0.003966875374317169,-0.019245289266109467,-0.0934375524520874,0.1665949523448944,0.059172943234443665,-0.08901610970497131,-0.013432912528514862,-0.06051971763372421,-0.07279373705387115,0.1530526876449585
33614,61,631,0.05763944238424301,0.057882484048604965,-0.037018757313489914,-0.0839441642165184,0.009781843051314354,0.003966875374317169,-0.019448228180408478,-0.09161815047264099,0.1679377555847168,0.059739112854003906,-0.08837336301803589,-0.01406233012676239,-0.06035204231739044,-0.0723339170217514,0.15374475717544556
33615,61,632,0.059173986315727234,0.06291332840919495,-0.037018757313489914,-0.08338819444179535,0.006329543422907591,-0.0009086178033612669,-0.02715221792459488,-0.08117517828941345,0.18544507026672363,0.059585705399513245,-0.07960265874862671,0.0033118873834609985,-0.06058826297521591,-0.06313467025756836,0.17647680640220642
33616,61,633,0.05994163081049919,0.06453575938940048,-0.037018757313489914,-0.08143110573291779,0.0032606455497443676,-0.009453903883695602,-0.026210419833660126,-0.08183355629444122,0.1789393424987793,0.05759301781654358,-0.08052718639373779,0.002170071005821228,-0.05868507921695709,-0.0542667955160141,0.18460850417613983
33617,61,634,0.060708433389663696,0.06453575938940048,-0.037018757313489914,-0.08143110573291779,0.0021095045376569033,-0.009453903883695602,-0.018259339034557343,-0.09355731308460236,0.1818847954273224,0.058924511075019836,-0.08627331256866455,0.009005025029182434,-0.0666629821062088,-0.056989386677742004,0.15441425144672394
33618,61,635,0.06109277158975601,0.06268449127674103,-0.037018757313489914,-0.07752053439617157,0.0024938422720879316,-0.0067289238795638084,-0.018404461443424225,-0.09322819113731384,0.18051926791667938,0.05799759924411774,-0.08674366772174835,0.011407800018787384,-0.0668606162071228,-0.057848140597343445,0.15226666629314423
33619,61,636,0.061476077884435654,0.06265667825937271,-0.03663540259003639,-0.07684709131717682,0.0009593933937139809,-0.005762695800513029,-0.024824097752571106,-0.10260987281799316,0.1625957489013672,0.06149125099182129,-0.09498807787895203,0.002355620265007019,-0.056879863142967224,-0.06140594184398651,0.14933788776397705
33620,61,637,0.061476077884435654,0.05940615385770798,-0.03663540259003639,-0.07027844339609146,0.0005750555428676307,0.00539486575871706,-0.025026798248291016,-0.10234111547470093,0.16368570923805237,0.06126393377780914,-0.09523677825927734,0.0025423765182495117,-0.05633687227964401,-0.060898929834365845,0.14899122714996338
33621,61,638,0.061476077884435654,0.05598457157611847,-0.03663540259003639,-0.06401122361421585,0.00019165397679898888,0.015911202877759933,-0.01996757835149765,-0.0917477160692215,0.1621083766222,0.05525146424770355,-0.0769592821598053,0.009466908872127533,-0.05474739521741867,-0.053096503019332886,0.1711648404598236
33622,61,639,0.061859481036663055,0.05598457157611847,-0.03663540259003639,-0.06401122361421585,0.00019165397679898888,0.015911202877759933,-0.02043788880109787,-0.09049350023269653,0.1621711552143097,0.054841965436935425,-0.07740812003612518,0.008941024541854858,-0.05472555756568909,-0.05300895869731903,0.171728253364563
33623,61,640,0.06109277158975601,0.054300516843795776,-0.03625199943780899,-0.062304697930812836,0.0005750555428676307,0.01764218881726265,-0.02138805389404297,-0.09470805525779724,0.1646256446838379,0.05993121862411499,-0.08813048899173737,0.00616222620010376,-0.055072106420993805,-0.05907890200614929,0.16610726714134216
33624,61,641,0.060708433389663696,0.054300516843795776,-0.035867709666490555,-0.062304697930812836,0.0024938422720879316,0.01764218881726265,-0.020878121256828308,-0.095441073179245,0.16401472687721252,0.05999809503555298,-0.08842331171035767,0.007443450391292572,-0.05466771870851517,-0.059162020683288574,0.16572971642017365
33625,61,642,0.060708433389663696,0.054300516843795776,-0.035867709666490555,-0.062304697930812836,0.0024938422720879316,0.01764218881726265,-0.023354560136795044,-0.1015540063381195,0.16646787524223328,0.052881404757499695,-0.08512026071548462,0.01168888807296753,-0.060945555567741394,-0.07358454167842865,0.14975541830062866
33626,61,643,0.060708433389663696,0.054300516843795776,-0.035867709666490555,-0.062304697930812836,0.0024938422720879316,0.01764218881726265,-0.02319573611021042,-0.10140150785446167,0.16634395718574524,0.05291859805583954,-0.08520114421844482,0.011675141751766205,-0.06078924238681793,-0.07349361479282379,0.1496627926826477
